{"INDEX":100,"ITEM0":{"POS":{"X":0.0,"Y":-1340.39404296875,"Z":9959.9990234375},"ROT":{"X":0.0,"Y":-1.2052977085113525,"Z":0.0},"SELECT_ITEM":0},"ITEM1":{"POS":{"X":0.0,"Y":-1503.08203125,"Z":11099.9990234375},"ROT":{"X":0.0,"Y":2.361079454421997,"Z":0.0},"SELECT_ITEM":0},"ITEM10":{"POS":{"X":-8060.0556640625,"Y":-4820.59033203125,"Z":29552.703125},"ROT":{"X":0.0,"Y":-0.806596040725708,"Z":0.0},"SELECT_ITEM":0},"ITEM11":{"POS":{"X":2271.93798828125,"Y":-3455.8125,"Z":21611.609375},"ROT":{"X":0.0,"Y":2.3925375938415527,"Z":0.0},"SELECT_ITEM":0},"ITEM12":{"POS":{"X":4136.82421875,"Y":-3590.5419921875,"Z":22396.486328125},"ROT":{"X":0.0,"Y":-1.2574613094329834,"Z":0.0},"SELECT_ITEM":0},"ITEM13":{"POS":{"X":5419.29248046875,"Y":-4008.87060546875,"Z":24833.4921875},"ROT":{"X":0.0,"Y":-0.624272346496582,"Z":0.0},"SELECT_ITEM":0},"ITEM14":{"POS":{"X":5824.1044921875,"Y":-4415.408203125,"Z":27198.109375},"ROT":{"X":0.0,"Y":1.3067530393600464,"Z":0.0},"SELECT_ITEM":0},"ITEM15":{"POS":{"X":6545.359375,"Y":-4704.00390625,"Z":28879.34765625},"ROT":{"X":0.0,"Y":-2.593245506286621,"Z":0.0},"SELECT_ITEM":0},"ITEM16":{"POS":{"X":6036.23828125,"Y":-4935.587890625,"Z":30228.45703125},"ROT":{"X":0.0,"Y":1.0899423360824585,"Z":0.0},"SELECT_ITEM":0},"ITEM17":{"POS":{"X":6524.14599609375,"Y":-5220.61572265625,"Z":31886.353515625},"ROT":{"X":0.0,"Y":-2.010056972503662,"Z":0.0},"SELECT_ITEM":0},"ITEM18":{"POS":{"X":6693.85302734375,"Y":-5599.9267578125,"Z":34096.0546875},"ROT":{"X":0.0,"Y":0.473131388425827,"Z":0.0},"SELECT_ITEM":0},"ITEM19":{"POS":{"X":6184.73193359375,"Y":-5846.96728515625,"Z":35535.2109375},"ROT":{"X":0.0,"Y":-2.276867628097534,"Z":0.0},"SELECT_ITEM":0},"ITEM2":{"POS":{"X":0.0,"Y":-1753.717041015625,"Z":12629.9990234375},"ROT":{"X":0.0,"Y":-0.18891951441764832,"Z":0.0},"SELECT_ITEM":0},"ITEM20":{"POS":{"X":5527.1171875,"Y":-6140.0986328125,"Z":37242.87109375},"ROT":{"X":0.0,"Y":0.7063205242156982,"Z":0.0},"SELECT_ITEM":0},"ITEM21":{"POS":{"X":5442.263671875,"Y":-6423.701171875,"Z":38895.01953125},"ROT":{"X":0.0,"Y":-2.193678617477417,"Z":0.0},"SELECT_ITEM":0},"ITEM22":{"POS":{"X":5633.18408203125,"Y":-6657.81591796875,"Z":40255.953125},"ROT":{"X":0.0,"Y":1.6895090341567993,"Z":0.0},"SELECT_ITEM":0},"ITEM23":{"POS":{"X":5407.99609375,"Y":-6887.46484375,"Z":41593.79296875},"ROT":{"X":0.0,"Y":1.7550216913223267,"Z":0.0},"SELECT_ITEM":0},"ITEM24":{"POS":{"X":4750.38134765625,"Y":-7185.74658203125,"Z":43331.453125},"ROT":{"X":0.0,"Y":-1.5949773788452148,"Z":0.0},"SELECT_ITEM":0},"ITEM25":{"POS":{"X":4368.54052734375,"Y":-7477.88330078125,"Z":45033.3203125},"ROT":{"X":0.0,"Y":1.588210940361023,"Z":0.0},"SELECT_ITEM":0},"ITEM26":{"POS":{"X":3710.930419921875,"Y":-7693.76904296875,"Z":46290.98046875},"ROT":{"X":0.0,"Y":-0.9617888331413269,"Z":0.0},"SELECT_ITEM":0},"ITEM27":{"POS":{"X":2624.536376953125,"Y":-7852.46875,"Z":46927.42578125},"ROT":{"X":0.0,"Y":3.0713987350463867,"Z":0.0},"SELECT_ITEM":0},"ITEM28":{"POS":{"X":1479.0238037109375,"Y":-8007.654296875,"Z":48103.02734375},"ROT":{"X":0.0,"Y":0.3214004337787628,"Z":0.0},"SELECT_ITEM":0},"ITEM29":{"POS":{"X":-1085.9012451171875,"Y":-3883.1162109375,"Z":24100.900390625},"ROT":{"X":0.0,"Y":-0.8820615410804749,"Z":0.0},"SELECT_ITEM":0},"ITEM3":{"POS":{"X":-63.639617919921875,"Y":-2850.73828125,"Z":18092.74609375},"ROT":{"X":0.0,"Y":2.8774571418762207,"Z":0.0},"SELECT_ITEM":0},"ITEM30":{"POS":{"X":-449.5052490234375,"Y":-4012.955078125,"Z":24857.287109375},"ROT":{"X":0.0,"Y":3.051126003265381,"Z":0.0},"SELECT_ITEM":0},"ITEM31":{"POS":{"X":314.1698913574219,"Y":-4216.77392578125,"Z":26040.951171875},"ROT":{"X":0.0,"Y":0.5511277318000793,"Z":0.0},"SELECT_ITEM":0},"ITEM32":{"POS":{"X":823.28662109375,"Y":-4407.16015625,"Z":27150.060546875},"ROT":{"X":0.0,"Y":-1.648871898651123,"Z":0.0},"SELECT_ITEM":0},"ITEM33":{"POS":{"X":1014.2053833007813,"Y":-4599.5732421875,"Z":28270.9765625},"ROT":{"X":0.0,"Y":2.6343154907226563,"Z":0.0},"SELECT_ITEM":0},"ITEM34":{"POS":{"X":886.9262084960938,"Y":-4832.55908203125,"Z":29628.25390625},"ROT":{"X":0.0,"Y":0.284316748380661,"Z":0.0},"SELECT_ITEM":0},"ITEM35":{"POS":{"X":462.66229248046875,"Y":-5039.27783203125,"Z":30832.51171875},"ROT":{"X":0.0,"Y":-2.0156824588775635,"Z":0.0},"SELECT_ITEM":0},"ITEM36":{"POS":{"X":-152.52047729492188,"Y":-5187.63525390625,"Z":31687.685546875},"ROT":{"X":0.0,"Y":2.4175047874450684,"Z":0.0},"SELECT_ITEM":0},"ITEM37":{"POS":{"X":-873.7691650390625,"Y":-5311.44091796875,"Z":32408.923828125},"ROT":{"X":0.0,"Y":0.717505931854248,"Z":0.0},"SELECT_ITEM":0},"ITEM38":{"POS":{"X":-1107.114501953125,"Y":-5495.6904296875,"Z":33482.28125},"ROT":{"X":0.0,"Y":-1.2324941158294678,"Z":0.0},"SELECT_ITEM":0},"ITEM39":{"POS":{"X":-852.5559692382813,"Y":-5974.08447265625,"Z":36226.859375},"ROT":{"X":0.0,"Y":0.2006949633359909,"Z":0.0},"SELECT_ITEM":0},"ITEM4":{"POS":{"X":997.020263671875,"Y":-3221.36474609375,"Z":20245.81640625},"ROT":{"X":0.0,"Y":-1.472541093826294,"Z":0.0},"SELECT_ITEM":0},"ITEM40":{"POS":{"X":-10562.150390625,"Y":-6794.373046875,"Z":32306.640625},"ROT":{"X":0.0,"Y":2.1178722381591797,"Z":0.0},"SELECT_ITEM":0},"ITEM41":{"POS":{"X":-11304.6015625,"Y":-6712.916015625,"Z":33380.1171875},"ROT":{"X":0.0,"Y":-2.482125759124756,"Z":0.0},"SELECT_ITEM":0},"ITEM42":{"POS":{"X":-11952.755859375,"Y":-6172.169921875,"Z":34632.5546875},"ROT":{"X":0.0,"Y":1.6510616540908813,"Z":0.0},"SELECT_ITEM":0},"ITEM43":{"POS":{"X":-12057.4140625,"Y":-5944.60986328125,"Z":34665.5546875},"ROT":{"X":0.0,"Y":-2.233424186706543,"Z":0.0},"SELECT_ITEM":0},"ITEM44":{"POS":{"X":-12100.4140625,"Y":-5740.162109375,"Z":34698.5546875},"ROT":{"X":0.0,"Y":-0.001534290611743927,"Z":0.0},"SELECT_ITEM":0},"ITEM45":{"POS":{"X":-9710.12890625,"Y":-7958.66259765625,"Z":39311.98828125},"ROT":{"X":0.0,"Y":-1.095108985900879,"Z":0.0},"SELECT_ITEM":0},"ITEM46":{"POS":{"X":-8990.3583984375,"Y":-7882.3359375,"Z":40702.65234375},"ROT":{"X":0.0,"Y":-1.2787306308746338,"Z":0.0},"SELECT_ITEM":0},"ITEM47":{"POS":{"X":-8310.5146484375,"Y":-7049.63623046875,"Z":42323.40234375},"ROT":{"X":0.0,"Y":1.604457974433899,"Z":0.0},"SELECT_ITEM":0},"ITEM48":{"POS":{"X":-10071.9306640625,"Y":-9008.4931640625,"Z":45127.02734375},"ROT":{"X":0.0,"Y":2.5195372104644775,"Z":0.0},"SELECT_ITEM":0},"ITEM49":{"POS":{"X":-11274.0498046875,"Y":-9146.5224609375,"Z":47148.98046875},"ROT":{"X":0.0,"Y":1.7527269124984741,"Z":0.0},"SELECT_ITEM":0},"ITEM5":{"POS":{"X":-1427.3155517578125,"Y":-3694.160888671875,"Z":23000.125},"ROT":{"X":0.0,"Y":-2.039351463317871,"Z":0.0},"SELECT_ITEM":0},"ITEM50":{"POS":{"X":-12057.7470703125,"Y":-8595.7470703125,"Z":48651.55859375},"ROT":{"X":0.0,"Y":-2.897270917892456,"Z":0.0},"SELECT_ITEM":0},"ITEM51":{"POS":{"X":-12187.3154296875,"Y":-8400.92578125,"Z":49803.10546875},"ROT":{"X":0.0,"Y":-1.8308937549591064,"Z":0.0},"SELECT_ITEM":0},"ITEM52":{"POS":{"X":-12784.8779296875,"Y":-6977.66943359375,"Z":42116.63671875},"ROT":{"X":0.0,"Y":-2.899867296218872,"Z":0.0},"SELECT_ITEM":0},"ITEM53":{"POS":{"X":-12784.8779296875,"Y":-7128.72705078125,"Z":42996.63671875},"ROT":{"X":0.0,"Y":1.183320164680481,"Z":0.0},"SELECT_ITEM":0},"ITEM54":{"POS":{"X":-12784.8779296875,"Y":-7290.0849609375,"Z":43936.63671875},"ROT":{"X":0.0,"Y":-1.166679859161377,"Z":0.0},"SELECT_ITEM":0},"ITEM55":{"POS":{"X":-12784.8779296875,"Y":-7458.30859375,"Z":44916.63671875},"ROT":{"X":0.0,"Y":2.6665079593658447,"Z":0.0},"SELECT_ITEM":0},"ITEM56":{"POS":{"X":-12784.8779296875,"Y":-7671.865234375,"Z":46156.63671875},"ROT":{"X":0.0,"Y":-0.4334907531738281,"Z":0.0},"SELECT_ITEM":0},"ITEM57":{"POS":{"X":-12511.7373046875,"Y":-6979.0908203125,"Z":42124.91796875},"ROT":{"X":0.0,"Y":2.6660752296447754,"Z":0.0},"SELECT_ITEM":0},"ITEM58":{"POS":{"X":-12511.7373046875,"Y":-7140.4482421875,"Z":43064.91796875},"ROT":{"X":0.0,"Y":0.3160765469074249,"Z":0.0},"SELECT_ITEM":0},"ITEM59":{"POS":{"X":-12511.7373046875,"Y":-7288.07373046875,"Z":43924.91796875},"ROT":{"X":0.0,"Y":-1.8339228630065918,"Z":0.0},"SELECT_ITEM":0},